,0
It,174
Is,132
Very,22
Seldom,1
That,105
Mere,1
Ordinary,1
People,6
Like,21
And,288
Myself,10
Secure,1
Ancestral,1
Hall,2
For,51
The,240
Summer,1
A,143
Colonial,1
Mansion,1
Hereditary,1
Estate,2
I,319
Would,31
Say,17
Haunted,1
House,10
Reach,5
Height,1
Of,102
Romantic,1
Felicity,1
But,45
Be,31
Asking,1
Too,12
Much,16
Fate,1
Will,13
Proudly,1
Declare,1
There,28
Something,9
Queer,3
About,25
Why,9
Should,7
Let,11
So,60
Cheaply,1
Have,34
Stood,1
Long,12
Untenanted,1
Laugh,4
At,34
Me,70
Course,12
One,33
Expect,2
In,91
Marriage,1
Practical,1
Extreme,1
He,58
Has,8
No,13
Patience,1
With,28
Faith,1
An,9
Intense,1
Horror,2
Superstition,1
Scoff,1
Openly,1
Any,10
Talk,6
Thing,26
Not,44
To,145
Felt,4
Seen,2
Put,4
Down,29
Figure,3
Physician,4
Perhap,4
Living,1
Soul,1
This,24
Dead,1
Paper,23
Great,11
Relief,3
My,38
Mind,6
Reason,2
Do,17
Get,26
Well,14
Faster,4
See,25
Doe,10
Believe,8
Am,23
Sick,4
What,14
Can,30
If,28
High,4
Standing,4
Own,2
Husband,1
Assure,2
Friend,3
Relative,1
Really,13
Nothing,7
Matter,2
Temporary,1
Nervous,8
Depression,1
Slight,1
Hysterical,1
Tendency,2
Brother,3
Also,2
Same,7
Take,14
Phosphate,1
Or,14
Phosphite,1
Whichever,1
Tonic,2
Journey,1
Air,5
Exercise,3
Absolutely,1
Forbidden,1
Work,5
Until,4
Again,5
Disagree,1
Their,2
Ideas,2
Congenial,1
Excitement,1
Change,5
Good,16
Did,16
Write,5
While,3
Spite,5
Them,8
Exhaust,2
Deal,5
Having,1
Sly,2
Else,4
Meet,1
Heavy,3
Opposition,2
Sometime,8
Fancy,9
Condition,3
Had,23
Less,1
More,14
Society,1
Stimulus,1
Worst,2
Think,17
Confess,1
Alway,12
Make,12
Feel,11
Bad,7
Alone,8
Most,8
Beautiful,4
Place,8
Quite,8
Back,6
From,8
Road,5
Three,5
Mile,1
Village,1
You,36
Read,2
Are,28
Hedge,1
Wall,7
Gate,2
Lock,2
Lot,4
Separate,1
Little,20
Gardener,1
Delicious,1
Garden,5
Never,10
Saw,5
Such,11
Large,1
Shady,2
Full,3
Box,1
Bordered,1
Path,4
Lined,1
Grape,2
Covered,2
Arbor,4
Seat,1
Under,9
Were,5
Greenhouse,1
They,14
All,39
Broken,2
Now,18
Was,37
Some,5
Legal,1
Trouble,2
Heir,2
Co,1
Anyhow,1
Been,6
Empty,2
Year,1
Spoil,1
Ghostliness,1
Afraid,2
Don,28
Care,4
Strange,2
Even,10
Said,30
Moonlight,6
Evening,3
Draught,1
Shut,1
Window,17
Unreasonably,1
Angry,5
Sure,4
Used,11
Sensitive,1
Due,1
Shall,6
Neglect,1
Proper,1
Self,2
Control,3
Pain,1
Before,10
Him,18
Least,3
Tired,7
Our,4
Room,25
Bit,7
Wanted,3
Downstair,4
Opened,1
On,29
Piazza,1
Rose,2
Over,14
Pretty,3
Old,4
Fashioned,2
Chintz,1
Hanging,2
Hear,1
Only,14
Two,5
Bed,8
Near,2
Took,3
Another,6
Careful,3
Loving,2
Hardly,1
Stir,1
Without,2
Special,1
Direction,2
Schedule,1
Prescription,1
Each,3
Hour,7
Day,10
Basely,1
Ungrateful,1
Value,1
We,16
Came,5
Here,17
Solely,1
Account,1
Perfect,2
Rest,4
Could,13
Depend,1
Your,7
Strength,3
Dear,10
Food,1
Somewhat,1
Appetite,3
Absorb,1
Time,13
Nursery,5
Top,2
Big,4
Airy,2
Whole,2
Floor,4
Nearly,1
Look,10
Way,9
Sunshine,1
Galore,1
First,7
Then,16
Playground,1
Gymnasium,1
Judge,1
Barred,2
Children,6
Ring,1
Paint,1
As,47
Boy,1
School,1
Stripped,1
Off,17
Patche,1
Around,9
Head,8
Far,3
Other,7
Side,1
Low,3
Worse,4
Life,2
Those,9
Sprawling,2
Flamboyant,1
Pattern,25
Committing,1
Every,5
Artistic,1
Sin,1
Dull,2
Enough,11
Confuse,1
Eye,7
Following,2
Pronounced,1
Constantly,1
Irritate,2
Provoke,1
Study,1
When,25
Follow,4
Lame,2
Uncertain,1
Curve,2
Distance,1
Suddenly,3
Commit,1
Suicide,1
Plunge,2
Outrageous,1
Angle,1
Destroy,1
Themselve,1
Unheard,1
Contradiction,1
Color,4
Repellant,1
Almost,3
Revolting,1
Smouldering,1
Unclean,1
Yellow,8
Strangely,1
Faded,2
By,22
Slow,1
Turning,1
Sunlight,1
Yet,2
Lurid,1
Orange,1
Sickly,1
Sulphur,1
Tint,1
Wonder,8
Hated,2
Hate,4
Live,2
Come,9
Must,10
Away,11
Word,2
Week,6
Haven,1
Writing,4
Since,1
Sitting,1
Up,13
Atrocious,1
Hinder,1
Please,3
Save,1
Lack,2
Night,14
His,9
Case,6
Serious,3
Glad,1
These,3
Dreadfully,2
Depressing,1
Know,18
How,6
Suffer,2
Satisfy,1
Nervousness,1
Weigh,2
Duty,1
Meant,2
Help,3
Real,2
Comfort,3
Comparative,1
Burden,1
Already,1
Effort,3
Able,5
Dress,1
Entertain,1
Order,2
Fortunate,2
Baby,4
Cannot,4
Suppose,4
Wallpaper,12
Repaper,1
Afterward,1
Letting,1
Better,9
Patient,1
Than,10
Give,3
After,5
Changed,1
Bedstead,3
Stair,3
Doing,4
Renovate,1
Just,18
Month,2
Rental,1
Us,1
Go,15
Arm,2
Called,1
Blessed,2
Goose,1
Cellar,1
Wished,3
Whitewashed,1
Into,6
Bargain,1
Right,2
Comfortable,1
Need,1
Wish,5
Silly,3
Uncomfortable,1
Whim,1
Getting,8
Fond,2
Horrid,2
Mysterious,1
Deep,1
Shaded,4
Riotous,1
Flower,1
Bushe,1
Gnarly,1
Tree,2
Lovely,4
View,1
Bay,1
Private,1
Wharf,1
Belonging,1
Lane,3
Run,4
Walking,2
Numerous,2
Cautioned,1
Imaginative,1
Power,1
Habit,3
Story,1
Making,2
Weakness,2
Mine,2
Lead,1
Manner,2
Excited,1
Ought,1
Use,3
Sense,1
Check,1
Try,10
Relieve,1
Press,1
Find,8
Discouraging,1
Advice,1
Companionship,1
Ask,3
Visit,2
Soon,2
Fire,1
Pillow,1
Stimulating,1
Knew,1
Vicious,2
Influence,1
Recurrent,1
Spot,4
Where,6
Loll,1
Neck,1
Bulbous,2
Stare,1
Upside,2
Positively,1
Impertinence,1
Everlastingness,1
Sideway,1
Crawl,3
Absurd,2
Unblinking,1
Everywhere,1
Breadth,4
Match,1
Line,1
Higher,1
Expression,2
Inanimate,1
Lie,7
Awake,3
Child,4
Entertainment,1
Terror,1
Out,28
Blank,1
Plain,2
Furniture,4
Toy,1
Store,1
Remember,1
Kindly,1
Wink,1
Knob,1
Bureau,1
Chair,2
Seemed,3
Strong,2
Looked,5
Fierce,1
Hop,1
Safe,1
Inharmonious,1
However,1
Bring,1
Playroom,1
Ravage,1
Made,2
Torn,1
Sticketh,1
Closer,1
Perseverance,1
Hatred,1
Scratched,1
Gouged,1
Splintered,1
Plaster,1
Itself,1
Dug,1
Which,2
Found,6
Through,6
War,1
Sister,2
Girl,2
She,33
Her,22
Enthusiastic,1
Housekeeper,1
Hope,1
Profession,1
Verily,1
Command,1
Winding,1
Country,3
Elm,1
Velvet,1
Meadow,1
Kind,4
Sub,2
Different,1
Shade,2
Particularly,1
Irritating,1
Certain,1
Light,4
Clearly,1
Isn,1
Sun,6
Provoking,1
Formless,1
Sort,3
Seem,5
Sulk,1
Behind,9
Conspicuous,1
Front,6
Design,2
Gone,4
Thought,5
Might,3
Company,1
Mother,1
Everything,3
Pick,1
Send,1
Fall,1
Want,11
Who,2
Hand,4
Once,4
Undertaking,1
Worth,1
Turn,6
Anything,3
Fretful,1
Querulous,1
Cry,3
Anybody,3
Kept,4
Town,3
Often,3
Walk,1
Sit,1
Porch,1
Because,4
Dwell,1
Immovable,1
Nailed,2
Gymnastic,1
Start,1
Ll,3
Bottom,1
Corner,2
Touched,2
Determine,1
Thousandth,1
Pointless,1
Conclusion,1
Principle,1
Arranged,1
Law,2
Radiation,2
Alternation,1
Repetition,1
Symmetry,1
Ever,7
Heard,2
Repeated,1
Otherwise,1
Stand,4
Bloated,1
Flourishe,1
Debased,1
Delirium,1
Tremen,1
Waddling,2
Isolated,1
Column,1
Fatuity,1
Connect,1
Diagonally,1
Outline,1
Slanting,1
Wave,1
Optic,1
Wallowing,1
Seaweed,1
Chase,1
Goe,2
Horizontally,1
Trying,4
Distinguish,1
Going,2
Horizontal,1
Frieze,1
Add,1
Wonderfully,1
Confusion,1
End,1
Intact,1
Cross,1
Fade,1
Shine,3
Directly,1
Upon,2
Interminable,2
Grotesque,1
Form,1
Common,1
Centre,1
Rush,1
Headlong,1
Equal,1
Distraction,1
Nap,1
Guess,1
Greater,1
Awfully,1
Lazy,1
Musn,1
Lose,2
Cod,1
Liver,1
Oil,1
Ale,1
Wine,1
Rare,1
Meat,1
Love,2
Dearly,1
Earnest,1
Reasonable,1
Tell,5
Wasn,3
Nor,2
Got,7
Crying,2
Finished,1
Straight,4
Gathered,1
Carry,1
Upstair,1
Laid,1
Sat,2
Till,3
Darling,4
Sake,4
Keep,6
Happy,1
Occupy,1
Escape,1
Impressionable,1
World,1
Lucky,1
Easier,2
Mention,1
Wise,2
Watch,5
Nobody,4
Outside,5
Dim,2
Shape,2
Clearer,1
Woman,8
Stooping,1
Creeping,9
Begin,1
Hard,3
Last,4
Moon,3
Creep,10
Slowly,2
Asleep,2
Waken,1
Still,3
Watched,3
Undulating,1
Creepy,1
Faint,1
Shake,5
Softly,1
Went,2
Move,4
Cold,1
Told,3
Gaining,2
Lease,1
Leave,4
Repair,1
Done,2
Home,2
Possibly,1
Danger,1
Whether,3
Doctor,1
Flesh,1
May,2
Morning,3
Heart,1
Hug,1
Improve,2
Shining,1
Sleep,10
Won,3
Asked,4
Gloomily,1
Nice,1
Trip,1
Few,2
Ready,1
Body,1
Began,3
Stopped,2
Short,2
Stern,1
Reproachful,1
Beg,1
Instant,1
Idea,1
Enter,1
Dangerous,1
Fascinating,1
Temperament,1
False,1
Foolish,1
Trust,2
Score,1
Lay,1
Decide,1
Together,1
Separately,1
Daylight,5
Sequence,1
Defiance,1
Constant,1
Irritant,1
Normal,1
Hideous,1
Unreliable,1
Infuriating,1
Torturing,1
Mastered,1
Somersault,1
Slap,1
Face,1
Knock,1
Trample,1
Dream,1
Florid,1
Arabesque,1
Reminding,1
Fungus,3
Imagine,1
Toadstool,2
Joint,1
String,1
Budding,1
Sprouting,1
Endless,1
Convolution,1
Marked,1
Peculiarity,1
Notice,2
Shoot,2
East,1
Ray,1
Quickly,1
Twilight,1
Candlelight,1
Lamplight,1
Become,1
Bar,3
Mean,2
Realize,1
Showed,1
Subdued,1
Quiet,7
Puzzling,1
Started,1
Meal,1
Convinced,1
Cultivate,1
Deceit,1
Oh,1
Fact,1
Inexplicable,1
Strike,1
Occasionally,1
Scientific,1
Hypothesis,1
Looking,2
Innocent,2
Excuse,1
Ve,5
Caught,4
Several,2
Voice,2
Restrained,1
Possible,1
Turned,2
Stealing,1
Frighten,1
Stained,1
Smooche,1
Clothe,1
Sound,1
Studying,1
Determined,1
Exciting,1
Forward,1
Eat,1
Pleased,1
Laughed,2
Flourishing,1
Intention,1
Telling,1
Fun,1
Feeling,1
Interesting,1
Development,1
Daytime,4
Tiresome,1
Perplexing,1
New,2
Count,1
Though,2
Conscientiously,1
Strangest,1
Buttercup,1
Foul,1
Smell,5
Noticed,1
Moment,2
Fog,1
Rain,1
Open,3
Hovering,1
Dining,1
Skulking,1
Parlor,1
Hiding,1
Lying,1
Wait,1
Hair,1
Ride,1
Surprise,1
Peculiar,1
Odor,2
Spent,1
Analyze,1
Smelled,1
Gentle,1
Subtlest,1
Enduring,1
Met,1
Damp,1
Weather,1
Awful,2
Wake,2
Disturb,1
Seriously,1
Burning,1
Funny,2
Mark,1
Mopboard,1
Streak,1
Round,6
Piece,2
Except,1
Smooch,2
Rubbed,1
Dizzy,1
Discovered,1
Watching,1
Finally,1
Many,3
Women,3
Fast,4
Crawling,1
Bright,1
Hold,1
Climb,2
Strangle,2
White,1
Taken,1
Half,2
Privately,1
Dark,1
Along,1
Carriage,1
Hide,1
Blackberry,1
Vine,1
Blame,1
Humiliating,1
Door,7
Suspect,1
Cloud,1
Shadow,1
Wind,1
Gotten,1
Shan,1
Beginning,1
Professional,1
Question,2
Report,1
Slept,1
Pretended,1
Act,1
Sleeping,1
Interest,1
Secretly,1
Affected,1
Stay,1
Undoubtedly,1
Clever,1
Poor,1
Ran,1
Pulled,3
Shook,2
Peeled,2
Yard,1
Strip,1
Declared,1
Finish,1
Morrow,2
Moving,1
Amazement,1
Merrily,1
Pure,1
Herself,2
Betrayed,1
Person,1
Touche,1
Alive,1
Patent,1
Clean,1
Believed,1
Dinner,1
Call,2
Woke,1
Servant,1
Left,1
Canvas,1
Mattress,1
Boat,1
Enjoy,2
Bare,1
Tear,1
Fairly,1
Gnawed,1
Locked,1
Thrown,1
Key,3
Astonish,1
Rope,2
Tie,1
Forgot,1
Lift,1
Push,1
Hurt,1
Teeth,1
Stick,1
Horribly,1
Strangled,1
Growth,1
Shriek,1
Derision,1
Desperate,1
Jump,1
Admirable,1
Step,2
Improper,1
Misconstrued,1
Securely,1
Fastened,1
Hidden,1
Pleasant,1
Ground,1
Green,1
Instead,1
Smoothly,1
Shoulder,2
Fit,1
Young,1
Man,2
Pound,1
Axe,1
Shame,1
Break,1
Gentlest,1
Plantain,2
Leaf,2
Silenced,1
Quietly,1
Indeed,1
Gently,1
Fainted,1
Across,1
